{
  "version": "2018.3",
  "applications": [],
  "platforms": [],
  "systems": [
    {
      "name": "optimization_lab_sol_system",
      "platform": "/proj/xbuilds/released/2018.3/GA/2018.3_1207_2324/internal_platforms/xilinx_u200_xdma_201830_1/xilinx_u200_xdma_201830_1.xpfm",
      "sysConfig": "Linux",
      "applications": [
        {
          "name": "optimization_lab_sol",
          "platform": "/proj/xbuilds/released/2018.3/GA/2018.3_1207_2324/internal_platforms/xilinx_u200_xdma_201830_1/xilinx_u200_xdma_201830_1.xpfm",
          "sysConfig": "Linux",
          "domain": "",
          "system": "optimization_lab_sol_system"
        }
      ]
    }
  ],
  "others": []
}