SDAccel Profile Summary
Generated on: 2019-04-02 12:14:46
Msec since Epoch: 1554203686379
Profiled application: optimization_lab.exe
Target platform: Xilinx
Tool version: 2018.3
Target devices: xilinx_u200_xdma_201830_1-0
Flow mode: System Run

OpenCL API Calls
API Name,Number Of Calls,Total Time (ms),Minimum Time (ms),Average Time (ms),Maximum Time (ms),
clWaitForEvents,8191,1111.65,0.056222,0.135716,5.77519,
clEnqueueTask,8192,246.493,0.015365,0.0300895,0.376446,
clSetKernelArg,40960,229.565,0.000977,0.00560462,0.228242,
clCreateProgramWithBinary,1,215.077,215.077,215.077,215.077,
clEnqueueMigrateMemObjects,16384,167.138,0.004889,0.0102013,0.126343,
clCreateBuffer,24576,155.606,0.00419,0.00633162,0.132978,
clReleaseEvent,24576,43.409,0.000838,0.00176632,0.126413,
clReleaseMemObject,24576,31.8791,0.000629,0.00129716,0.018927,
clReleaseProgram,1,4.86802,4.86802,4.86802,4.86802,
clFinish,1,0.127321,0.127321,0.127321,0.127321,
clCreateContext,1,0.016972,0.016972,0.016972,0.016972,
clCreateKernel,1,0.015086,0.015086,0.015086,0.015086,
clReleaseKernel,1,0.013061,0.013061,0.013061,0.013061,
clGetPlatformIDs,2,0.013061,0.001467,0.0065305,0.011594,
clReleaseContext,1,0.006356,0.006356,0.006356,0.006356,
clGetDeviceIDs,1,0.005797,0.005797,0.005797,0.005797,
clCreateCommandQueue,1,0.005378,0.005378,0.005378,0.005378,
clGetDeviceInfo,1,0.00426,0.00426,0.00426,0.00426,
clGetPlatformInfo,2,0.003143,0.001257,0.0015715,0.001886,
clReleaseCommandQueue,1,0.002793,0.002793,0.002793,0.002793,


Kernel Execution
Kernel,Number Of Enqueues,Total Time (ms),Minimum Time (ms),Average Time (ms),Maximum Time (ms),
krnl_idct,8192,728.103,0.082274,0.0888797,0.364852,


Compute Unit Utilization
Device,Compute Unit,Kernel,Global Work Size,Local Work Size,Number Of Calls,Total Time (ms),Minimum Time (ms),Average Time (ms),Maximum Time (ms),Clock Frequency (MHz),


Data Transfer: Host and Global Memory
Context:Number of Devices,Transfer Type,Number Of Transfers,Transfer Rate (MB/s),Average Bandwidth Utilization (%),Average Size (KB),Total Time (ms),Average Time (ms),
context0:1,READ,8192,2176.120797,22.667925,65.536,246.710069,0.030116,
context0:1,WRITE,8192,2249.372660,23.430965,65.664,239.142005,0.029192,


Data Transfer: Kernels and Global Memory
Device,Compute Unit/Port Name,Kernel Arguments,Memory Resources,Transfer Type,Number Of Transfers,Transfer Rate (MB/s),Average Bandwidth Utilization (%),Average Size (KB),Average Latency (ns),


Top Data Transfer: Kernels and Global Memory
Device,Compute Unit,Number of Transfers,Average Bytes per Transfer,Transfer Efficiency (%),Total Data Transfer (MB),Total Write (MB),Total Read (MB),Total Transfer Rate (MB/s),


Top Kernel Execution
Kernel Instance Address,Kernel,Context ID,Command Queue ID,Device,Start Time (ms),Duration (ms),Global Work Size,Local Work Size,
15804448,krnl_idct,0,0,xilinx_u200_xdma_201830_1-0,1897.05,0.364852,1:1:1,1:1:1,
15804448,krnl_idct,0,0,xilinx_u200_xdma_201830_1-0,1904.35,0.201772,1:1:1,1:1:1,
15804448,krnl_idct,0,0,xilinx_u200_xdma_201830_1-0,3347.66,0.195626,1:1:1,1:1:1,
15804448,krnl_idct,0,0,xilinx_u200_xdma_201830_1-0,1647.41,0.178306,1:1:1,1:1:1,
15804448,krnl_idct,0,0,xilinx_u200_xdma_201830_1-0,3368,0.175581,1:1:1,1:1:1,
15804448,krnl_idct,0,0,xilinx_u200_xdma_201830_1-0,3386.01,0.175512,1:1:1,1:1:1,
15804448,krnl_idct,0,0,xilinx_u200_xdma_201830_1-0,3395.02,0.174045,1:1:1,1:1:1,
15804448,krnl_idct,0,0,xilinx_u200_xdma_201830_1-0,2185.99,0.173696,1:1:1,1:1:1,
15804448,krnl_idct,0,0,xilinx_u200_xdma_201830_1-0,3330.98,0.172787,1:1:1,1:1:1,
15804448,krnl_idct,0,0,xilinx_u200_xdma_201830_1-0,3363.97,0.17181,1:1:1,1:1:1,


Top Buffer Writes
Buffer Address,Context ID,Command Queue ID,Start Time (ms),Duration (ms),Buffer Size (KB),Writing Rate(MB/s),
274877976576,0,0,3717.81,0.204426,65.664,321.211588,
274877906944,0,0,2778.78,0.198908,65.664,330.122469,
274877906944,0,0,1931.17,0.168597,65.664,389.473122,
274877906944,0,0,1838.7,0.139613,65.664,470.328694,
274877906944,0,0,1880.34,0.096102,65.664,683.274021,
274877976576,0,0,1647.82,0.092190,65.664,712.268142,
274877906944,0,0,1896.64,0.088559,65.664,741.471787,
274877906944,0,0,2644.69,0.082063,65.664,800.165726,
274877906944,0,0,1900.93,0.081086,65.664,809.806872,
274877906944,0,0,2112.57,0.080527,65.664,815.428366,


Top Buffer Reads
Buffer Address,Context ID,Command Queue ID,Start Time (ms),Duration (ms),Buffer Size (KB),Reading Rate(MB/s),
343597449216,0,0,1887.09,5.651360,65.536,11.596501,
343597383680,0,0,1914.73,0.591697,65.536,110.759392,
343597383680,0,0,1912.87,0.153860,65.536,425.945665,
343597449216,0,0,2225.74,0.123828,65.536,529.250250,
343597449216,0,0,1919.95,0.062788,65.536,1043.766325,
343597383680,0,0,3187.89,0.060413,65.536,1084.799629,
343597383680,0,0,3837.67,0.055733,65.536,1175.892200,
343597383680,0,0,2868.75,0.049587,65.536,1321.636719,
343597383680,0,0,2186.19,0.045048,65.536,1454.803765,
343597449216,0,0,3703.23,0.043651,65.536,1501.363084,


PRC Parameters
Parameter,Element,Value,
DEVICE_EXEC_TIME,xilinx_u200_xdma_201830_1-0,2259.062374,
CU_CALLS,xilinx_u200_xdma_201830_1-0|krnl_idct_1,8192,
MEMORY_BIT_WIDTH,xilinx_u200_xdma_201830_1-0,512,
MIGRATE_MEM,host,16384,
DDR_BANKS,DDR[0],2,
DDR_BANKS,DDR[1],1,
PORT_BIT_WIDTH,krnl_idct_1/m_axi_gmem,512,
PORT_BIT_WIDTH,krnl_idct_1/m_axi_gmem1,512,
PORT_BIT_WIDTH,krnl_idct_1/m_axi_gmem2,512,
KERNEL_COUNT,krnl_idct,1,
OBJECTS_RELEASED,all,1,

