{
  "version": "2018.3",
  "applications": [],
  "platforms": [],
  "systems": [
    {
      "name": "rtl_kernel_system",
      "platform": "/opt/xilinx/platforms/xilinx_u200_xdma_201830_1/xilinx_u200_xdma_201830_1.xpfm",
      "sysConfig": "Linux",
      "applications": [
        {
          "name": "rtl_kernel",
          "platform": "/opt/xilinx/platforms/xilinx_u200_xdma_201830_1/xilinx_u200_xdma_201830_1.xpfm",
          "sysConfig": "Linux",
          "domain": "",
          "system": "rtl_kernel_system"
        }
      ]
    }
  ],
  "others": []
}